feedback_id,client_id,date_feedback,type_contrat,canal,note_globale,clarte_informations,facilite_processus,temps_traitement,qualite_accompagnement,rapport_qualite_prix,commentaire,recommanderait
SOUSCR-00001,CLI-70100,2025-07-14,Santé - Famille,Courtier,3,2,4,4,2,2,Prix plus élevé que la concurrence,Peut-être
SOUSCR-00002,CLI-43004,2025-06-12,Habitation - Locataire,Téléphone,4,5,5,3,5,4,Souscription en ligne très intuitive,Oui
SOUSCR-00003,CLI-21919,2025-09-05,Assurance emprunteur,En ligne,3,3,2,3,2,2,Pas assez d'explications sur les exclusions,Peut-être
SOUSCR-00004,CLI-79327,2025-05-17,Auto - Intermédiaire,Application mobile,4,3,5,4,5,3,Simplicité du parcours digital,Oui
SOUSCR-00005,CLI-73372,2025-10-12,Auto - Tous risques,En ligne,4,3,4,5,4,3,Documentation claire et complète,Oui
SOUSCR-00006,CLI-25984,2025-05-24,Assurance emprunteur,Agence,4,5,3,4,3,5,Conseiller très professionnel et à l'écoute,Oui
SOUSCR-00007,CLI-75060,2025-09-19,Auto - Intermédiaire,Agence,3,2,2,2,4,4,Difficultés techniques sur le site web,Peut-être
SOUSCR-00008,CLI-39445,2025-04-24,Responsabilité civile,Téléphone,3,2,2,3,3,4,Attente téléphonique trop longue,Peut-être
SOUSCR-00009,CLI-49986,2025-05-17,Santé - Famille,Application mobile,5,5,5,4,4,5,Prix compétitif,Oui
SOUSCR-00010,CLI-36649,2025-09-06,Assurance emprunteur,Application mobile,4,4,3,4,3,4,Je recommande vivement,Oui
SOUSCR-00011,CLI-74628,2025-07-25,Vie - Épargne,Application mobile,3,4,4,3,4,3,Prix plus élevé que la concurrence,Peut-être
SOUSCR-00012,CLI-17888,2025-08-26,Vie - Épargne,Application mobile,5,5,4,4,5,5,Souscription en ligne très intuitive,Oui
SOUSCR-00013,CLI-67152,2025-06-17,Santé - Famille,Application mobile,5,5,5,5,5,5,Excellent accueil en agence,Oui
SOUSCR-00014,CLI-12493,2025-10-07,Vie - Épargne,Téléphone,4,5,5,4,4,4,Conseiller patient et pédagogue,Oui
SOUSCR-00015,CLI-55583,2025-07-25,Vie - Décès,Courtier,3,2,4,2,3,3,Délai de traitement du dossier trop long,Peut-être
SOUSCR-00016,CLI-85016,2025-05-08,Vie - Épargne,Téléphone,4,5,5,4,5,5,Je recommande vivement,Oui
SOUSCR-00017,CLI-75759,2025-08-25,Auto - Au tiers,Courtier,2,3,3,1,2,1,Attente téléphonique trop longue,Non
SOUSCR-00018,CLI-57196,2025-07-18,Santé - Sénior,Téléphone,4,5,5,3,4,3,Excellent accueil en agence,Oui
SOUSCR-00019,CLI-42724,2025-08-30,Auto - Intermédiaire,Agence,5,4,4,5,5,5,Excellent accueil en agence,Oui
SOUSCR-00020,CLI-78147,2025-04-29,Santé - Individuelle,Téléphone,3,3,4,4,4,2,Formulaire en ligne compliqué,Peut-être
SOUSCR-00021,CLI-63914,2025-06-29,Auto - Tous risques,En ligne,3,3,4,3,4,3,Conseiller peu disponible,Peut-être
SOUSCR-00022,CLI-23012,2025-04-24,Auto - Intermédiaire,Agence,4,5,5,4,5,5,Processus très fluide et rapide,Oui
SOUSCR-00023,CLI-45777,2025-10-07,Habitation - Résidence secondaire,Courtier,4,3,3,4,5,3,Conseiller patient et pédagogue,Oui
SOUSCR-00024,CLI-16539,2025-08-15,Assurance emprunteur,Agence,3,3,3,3,4,3,Manque d'informations claires sur les garanties,Peut-être
SOUSCR-00025,CLI-75491,2025-08-04,Santé - Famille,Téléphone,3,3,2,3,2,4,Formulaire en ligne compliqué,Peut-être
SOUSCR-00026,CLI-45414,2025-07-04,Habitation - Locataire,Application mobile,5,5,5,5,4,5,Je recommande vivement,Oui
SOUSCR-00027,CLI-94718,2025-06-24,Santé - Sénior,Courtier,4,3,3,4,3,3,Souscription en ligne très intuitive,Oui
SOUSCR-00028,CLI-94825,2025-10-12,Vie - Décès,Application mobile,5,5,5,5,5,4,Documentation claire et complète,Oui
SOUSCR-00029,CLI-20465,2025-07-04,Habitation - Résidence secondaire,Courtier,5,4,5,5,4,5,Simplicité du parcours digital,Oui
SOUSCR-00030,CLI-98485,2025-10-18,Auto - Tous risques,Agence,3,2,3,3,3,2,Formulaire en ligne compliqué,Peut-être
SOUSCR-00031,CLI-95933,2025-05-16,Habitation - Locataire,Application mobile,3,3,2,3,2,2,Difficultés techniques sur le site web,Peut-être
SOUSCR-00032,CLI-45561,2025-10-12,Auto - Intermédiaire,Courtier,3,3,2,4,3,4,Manque d'informations claires sur les garanties,Peut-être
SOUSCR-00033,CLI-12655,2025-07-15,Habitation - Locataire,Téléphone,1,1,1,1,2,1,Conseiller peu disponible,Non
SOUSCR-00034,CLI-66321,2025-09-24,Santé - Famille,En ligne,5,5,4,5,5,5,Conseiller très professionnel et à l'écoute,Oui
SOUSCR-00035,CLI-86346,2025-08-31,Santé - Individuelle,Courtier,3,2,2,4,4,2,Manque d'informations claires sur les garanties,Peut-être
SOUSCR-00036,CLI-27490,2025-08-05,Santé - Individuelle,Agence,4,5,4,3,5,5,Simplicité du parcours digital,Oui
SOUSCR-00037,CLI-65918,2025-09-24,Vie - Décès,Courtier,4,5,5,5,4,5,Conseiller très professionnel et à l'écoute,Oui
SOUSCR-00038,CLI-44029,2025-08-24,Vie - Décès,Courtier,4,3,5,5,5,4,Souscription en ligne très intuitive,Oui
SOUSCR-00039,CLI-51457,2025-08-20,Vie - Décès,Agence,3,2,2,4,2,4,Manque d'informations claires sur les garanties,Peut-être
SOUSCR-00040,CLI-60837,2025-07-16,Vie - Décès,Courtier,5,5,5,5,4,4,Réponse rapide à mes questions,Oui
SOUSCR-00041,CLI-33813,2025-05-12,Santé - Sénior,Courtier,2,3,1,3,1,3,Processus trop long et complexe,Non
SOUSCR-00042,CLI-67846,2025-06-02,Responsabilité civile,Application mobile,5,5,5,5,5,4,Conseiller patient et pédagogue,Oui
SOUSCR-00043,CLI-66024,2025-05-14,Assurance emprunteur,Téléphone,3,3,4,2,3,4,Processus trop long et complexe,Peut-être
SOUSCR-00044,CLI-88030,2025-07-10,Santé - Famille,Application mobile,4,3,3,4,5,3,Souscription en ligne très intuitive,Oui
SOUSCR-00045,CLI-43739,2025-07-20,Responsabilité civile,Agence,4,5,3,5,5,4,Je recommande vivement,Oui
SOUSCR-00046,CLI-10292,2025-07-08,Protection juridique,Téléphone,4,5,4,3,5,3,Réponse rapide à mes questions,Oui
SOUSCR-00047,CLI-62908,2025-05-14,Santé - Individuelle,En ligne,5,5,5,5,5,5,Documentation claire et complète,Oui
SOUSCR-00048,CLI-21204,2025-06-19,Auto - Intermédiaire,Application mobile,4,5,3,4,5,3,Je recommande vivement,Oui
SOUSCR-00049,CLI-68037,2025-05-10,Assurance emprunteur,Agence,1,2,2,1,2,1,Manque d'informations claires sur les garanties,Non
SOUSCR-00050,CLI-87873,2025-07-10,Protection juridique,Courtier,4,3,3,3,4,3,Conseiller patient et pédagogue,Oui
SOUSCR-00051,CLI-15560,2025-05-07,Auto - Au tiers,En ligne,5,5,5,5,5,4,Souscription en ligne très intuitive,Oui
SOUSCR-00052,CLI-33787,2025-06-22,Habitation - Résidence secondaire,Courtier,5,5,5,5,5,5,Souscription en ligne très intuitive,Oui
SOUSCR-00053,CLI-21442,2025-05-15,Auto - Intermédiaire,Courtier,4,3,3,3,5,4,Souscription en ligne très intuitive,Oui
SOUSCR-00054,CLI-42175,2025-06-18,Habitation - Résidence secondaire,En ligne,2,3,3,2,1,2,Processus trop long et complexe,Non
SOUSCR-00055,CLI-65814,2025-10-13,Auto - Intermédiaire,Application mobile,4,3,3,4,5,3,Je recommande vivement,Oui
SOUSCR-00056,CLI-79117,2025-07-25,Auto - Intermédiaire,Application mobile,4,3,3,3,3,5,Simplicité du parcours digital,Oui
SOUSCR-00057,CLI-10564,2025-06-23,Auto - Tous risques,Application mobile,3,2,2,3,2,4,Pièces justificatives demandées excessives,Peut-être
SOUSCR-00058,CLI-49994,2025-08-01,Santé - Sénior,Agence,2,3,3,2,2,1,Formulaire en ligne compliqué,Non
SOUSCR-00059,CLI-59522,2025-07-10,Auto - Tous risques,Agence,3,2,2,3,3,3,Formulaire en ligne compliqué,Peut-être
SOUSCR-00060,CLI-71087,2025-08-12,Protection juridique,Agence,5,4,4,5,5,5,Réponse rapide à mes questions,Oui
SOUSCR-00061,CLI-32346,2025-08-05,Auto - Intermédiaire,Agence,4,5,3,3,4,3,Souscription en ligne très intuitive,Oui
SOUSCR-00062,CLI-24144,2025-09-12,Auto - Tous risques,Application mobile,3,3,2,2,2,4,Processus trop long et complexe,Peut-être
SOUSCR-00063,CLI-22822,2025-08-10,Vie - Épargne,Téléphone,1,2,2,1,1,1,Attente téléphonique trop longue,Non
SOUSCR-00064,CLI-97710,2025-06-23,Santé - Sénior,En ligne,5,5,4,5,5,4,Réponse rapide à mes questions,Oui
SOUSCR-00065,CLI-30002,2025-10-06,Vie - Décès,Courtier,5,5,5,5,5,4,Réponse rapide à mes questions,Oui
SOUSCR-00066,CLI-29489,2025-09-03,Vie - Décès,Courtier,1,1,2,1,2,1,Formulaire en ligne compliqué,Non
SOUSCR-00067,CLI-42664,2025-05-26,Protection juridique,Agence,3,3,4,4,3,4,Délai de traitement du dossier trop long,Peut-être
SOUSCR-00068,CLI-91202,2025-05-31,Santé - Famille,Courtier,5,4,5,5,4,5,Prix compétitif,Oui
SOUSCR-00069,CLI-32679,2025-05-10,Responsabilité civile,Téléphone,2,3,1,2,2,2,Pièces justificatives demandées excessives,Non
SOUSCR-00070,CLI-48039,2025-06-27,Responsabilité civile,Téléphone,4,3,3,4,3,4,Documentation claire et complète,Oui
SOUSCR-00071,CLI-15476,2025-08-22,Habitation - Locataire,Agence,4,3,4,4,3,3,Processus très fluide et rapide,Oui
SOUSCR-00072,CLI-64652,2025-09-09,Habitation - Locataire,Agence,4,3,3,5,5,5,Souscription en ligne très intuitive,Oui
SOUSCR-00073,CLI-79373,2025-05-04,Santé - Famille,Courtier,3,3,4,4,2,4,Difficultés techniques sur le site web,Peut-être
SOUSCR-00074,CLI-30768,2025-07-20,Protection juridique,En ligne,4,3,3,5,5,4,Conseiller patient et pédagogue,Oui
SOUSCR-00075,CLI-36512,2025-09-28,Santé - Famille,Courtier,4,4,3,3,5,3,Documentation claire et complète,Oui
SOUSCR-00076,CLI-94374,2025-09-04,Habitation - Propriétaire,Courtier,1,2,1,1,1,2,Attente téléphonique trop longue,Non
SOUSCR-00077,CLI-32981,2025-07-15,Santé - Famille,Courtier,3,4,3,3,3,2,Processus trop long et complexe,Peut-être
SOUSCR-00078,CLI-53640,2025-10-03,Habitation - Propriétaire,En ligne,4,3,5,5,4,5,Documentation claire et complète,Oui
SOUSCR-00079,CLI-72150,2025-06-20,Habitation - Locataire,Courtier,5,5,4,4,4,5,Processus très fluide et rapide,Oui
SOUSCR-00080,CLI-85062,2025-05-12,Santé - Individuelle,Agence,5,4,5,4,5,5,Conseiller patient et pédagogue,Oui
SOUSCR-00081,CLI-33705,2025-05-29,Protection juridique,Téléphone,4,4,3,4,5,4,Documentation claire et complète,Oui
SOUSCR-00082,CLI-31148,2025-07-16,Santé - Individuelle,En ligne,5,4,4,4,5,5,Je recommande vivement,Oui
SOUSCR-00083,CLI-70328,2025-06-17,Assurance emprunteur,En ligne,3,4,2,4,4,3,Processus trop long et complexe,Peut-être
SOUSCR-00084,CLI-80102,2025-09-28,Auto - Intermédiaire,Application mobile,4,5,5,5,3,5,Processus très fluide et rapide,Oui
SOUSCR-00085,CLI-69898,2025-07-25,Responsabilité civile,En ligne,4,5,3,3,5,3,Souscription en ligne très intuitive,Oui
SOUSCR-00086,CLI-84311,2025-06-23,Habitation - Résidence secondaire,Téléphone,3,2,4,4,3,2,Processus trop long et complexe,Peut-être
SOUSCR-00087,CLI-87549,2025-07-12,Responsabilité civile,Application mobile,4,3,5,3,4,5,Conseiller patient et pédagogue,Oui
SOUSCR-00088,CLI-99109,2025-08-23,Habitation - Résidence secondaire,Agence,5,5,5,5,5,5,Simplicité du parcours digital,Oui
SOUSCR-00089,CLI-33956,2025-05-02,Vie - Décès,Agence,5,4,4,5,4,4,Simplicité du parcours digital,Oui
SOUSCR-00090,CLI-88365,2025-08-19,Protection juridique,En ligne,5,5,5,5,4,5,Documentation claire et complète,Oui
SOUSCR-00091,CLI-12494,2025-09-04,Protection juridique,En ligne,4,3,3,5,4,3,Réponse rapide à mes questions,Oui
SOUSCR-00092,CLI-59320,2025-08-30,Vie - Épargne,En ligne,3,4,3,2,2,2,Processus trop long et complexe,Peut-être
SOUSCR-00093,CLI-38253,2025-07-31,Vie - Épargne,Application mobile,4,5,3,3,5,5,Prix compétitif,Oui
SOUSCR-00094,CLI-25362,2025-04-21,Auto - Tous risques,Application mobile,4,5,4,4,4,3,Souscription en ligne très intuitive,Oui
SOUSCR-00095,CLI-16537,2025-05-01,Habitation - Résidence secondaire,Courtier,4,4,3,4,3,3,Réponse rapide à mes questions,Oui
SOUSCR-00096,CLI-69257,2025-09-26,Protection juridique,Courtier,5,4,4,5,5,5,Je recommande vivement,Oui
SOUSCR-00097,CLI-87095,2025-06-25,Habitation - Locataire,Téléphone,3,2,3,4,2,4,Processus trop long et complexe,Peut-être
SOUSCR-00098,CLI-30163,2025-08-10,Habitation - Résidence secondaire,En ligne,2,3,1,3,3,3,Pas assez d'explications sur les exclusions,Non
SOUSCR-00099,CLI-76420,2025-10-10,Santé - Sénior,Courtier,2,1,2,3,2,2,Prix plus élevé que la concurrence,Non
SOUSCR-00100,CLI-70025,2025-05-15,Auto - Intermédiaire,Application mobile,1,2,1,1,2,1,Pas assez d'explications sur les exclusions,Non
SOUSCR-00101,CLI-73754,2025-10-16,Santé - Individuelle,Téléphone,4,4,3,3,3,4,Documentation claire et complète,Oui
SOUSCR-00102,CLI-23515,2025-09-02,Habitation - Propriétaire,Courtier,5,5,5,5,5,5,Je recommande vivement,Oui
SOUSCR-00103,CLI-42287,2025-05-25,Habitation - Propriétaire,Courtier,4,4,5,4,3,5,Processus très fluide et rapide,Oui
SOUSCR-00104,CLI-80217,2025-08-15,Assurance emprunteur,Application mobile,5,4,5,5,5,5,Simplicité du parcours digital,Oui
SOUSCR-00105,CLI-65209,2025-07-13,Protection juridique,Application mobile,5,5,5,5,4,5,Conseiller très professionnel et à l'écoute,Oui
SOUSCR-00106,CLI-26742,2025-10-09,Habitation - Résidence secondaire,Courtier,4,5,5,5,3,3,Excellent accueil en agence,Oui
SOUSCR-00107,CLI-33913,2025-05-20,Responsabilité civile,Application mobile,3,3,4,4,2,2,Processus trop long et complexe,Peut-être
SOUSCR-00108,CLI-97582,2025-08-10,Habitation - Résidence secondaire,Agence,5,5,5,5,5,5,Simplicité du parcours digital,Oui
SOUSCR-00109,CLI-21936,2025-09-13,Protection juridique,Téléphone,5,5,4,4,5,5,Prix compétitif,Oui
SOUSCR-00110,CLI-22077,2025-07-24,Protection juridique,Agence,4,4,5,4,3,4,Simplicité du parcours digital,Oui
SOUSCR-00111,CLI-45555,2025-09-25,Vie - Décès,Courtier,5,5,5,4,5,5,Excellent accueil en agence,Oui
SOUSCR-00112,CLI-21008,2025-07-15,Santé - Famille,Courtier,5,4,5,5,5,4,Prix compétitif,Oui
SOUSCR-00113,CLI-43739,2025-07-18,Vie - Décès,Agence,2,1,1,2,1,1,Conseiller peu disponible,Non
SOUSCR-00114,CLI-69144,2025-05-08,Vie - Épargne,En ligne,1,1,2,1,1,2,Formulaire en ligne compliqué,Non
SOUSCR-00115,CLI-99005,2025-09-23,Habitation - Résidence secondaire,Application mobile,2,2,1,1,3,2,Pièces justificatives demandées excessives,Non
SOUSCR-00116,CLI-32791,2025-05-04,Habitation - Résidence secondaire,Application mobile,5,5,4,5,4,5,Documentation claire et complète,Oui
SOUSCR-00117,CLI-90840,2025-06-24,Santé - Famille,Courtier,4,3,3,5,4,3,Documentation claire et complète,Oui
SOUSCR-00118,CLI-50966,2025-09-26,Santé - Sénior,Courtier,4,4,3,3,5,3,Prix compétitif,Oui
SOUSCR-00119,CLI-29462,2025-09-13,Habitation - Propriétaire,Agence,3,4,3,3,2,4,Conseiller peu disponible,Peut-être
SOUSCR-00120,CLI-20717,2025-07-28,Santé - Sénior,Agence,3,4,2,4,3,2,Délai de traitement du dossier trop long,Peut-être
SOUSCR-00121,CLI-78217,2025-07-03,Santé - Famille,En ligne,2,2,1,2,2,3,Conseiller peu disponible,Non
SOUSCR-00122,CLI-92378,2025-05-19,Habitation - Résidence secondaire,Application mobile,4,4,3,5,3,4,Conseiller très professionnel et à l'écoute,Oui
SOUSCR-00123,CLI-44668,2025-04-29,Vie - Décès,Application mobile,2,1,2,1,1,1,Difficultés techniques sur le site web,Non
SOUSCR-00124,CLI-99181,2025-06-27,Vie - Décès,Courtier,5,4,4,5,5,5,Réponse rapide à mes questions,Oui
SOUSCR-00125,CLI-95345,2025-07-16,Auto - Tous risques,Courtier,4,4,4,3,3,3,Conseiller très professionnel et à l'écoute,Oui
SOUSCR-00126,CLI-15995,2025-10-05,Habitation - Propriétaire,Téléphone,5,5,5,5,5,5,Conseiller patient et pédagogue,Oui
SOUSCR-00127,CLI-32441,2025-08-23,Habitation - Locataire,Agence,5,4,5,4,4,5,Réponse rapide à mes questions,Oui
SOUSCR-00128,CLI-21889,2025-07-12,Responsabilité civile,Téléphone,5,5,4,5,5,4,Prix compétitif,Oui
SOUSCR-00129,CLI-73863,2025-04-21,Habitation - Propriétaire,Agence,4,3,3,5,3,4,Excellent accueil en agence,Oui
SOUSCR-00130,CLI-94887,2025-07-01,Vie - Épargne,Téléphone,3,4,3,4,2,4,Prix plus élevé que la concurrence,Peut-être
SOUSCR-00131,CLI-32305,2025-09-29,Responsabilité civile,Application mobile,5,4,5,4,4,5,Documentation claire et complète,Oui
SOUSCR-00132,CLI-10440,2025-07-29,Habitation - Locataire,En ligne,5,4,5,5,4,5,Conseiller patient et pédagogue,Oui
SOUSCR-00133,CLI-86162,2025-09-11,Auto - Tous risques,Agence,2,2,3,2,1,3,Délai de traitement du dossier trop long,Non
SOUSCR-00134,CLI-91386,2025-06-25,Protection juridique,Application mobile,5,5,5,5,5,5,Documentation claire et complète,Oui
SOUSCR-00135,CLI-79724,2025-08-06,Assurance emprunteur,Téléphone,4,3,3,5,4,5,Conseiller très professionnel et à l'écoute,Oui
SOUSCR-00136,CLI-48571,2025-07-13,Habitation - Locataire,Courtier,4,5,5,4,4,3,Conseiller très professionnel et à l'écoute,Oui
SOUSCR-00137,CLI-22813,2025-10-07,Auto - Au tiers,Application mobile,4,4,3,5,5,3,Conseiller patient et pédagogue,Oui
SOUSCR-00138,CLI-18397,2025-04-21,Auto - Tous risques,Application mobile,4,4,4,3,3,5,Excellent accueil en agence,Oui
SOUSCR-00139,CLI-91318,2025-05-17,Santé - Sénior,Courtier,5,5,5,5,5,5,Documentation claire et complète,Oui
SOUSCR-00140,CLI-61787,2025-09-25,Vie - Épargne,Téléphone,2,1,3,3,2,2,Prix plus élevé que la concurrence,Non
SOUSCR-00141,CLI-31863,2025-05-23,Responsabilité civile,Courtier,4,4,5,3,3,4,Processus très fluide et rapide,Oui
SOUSCR-00142,CLI-63323,2025-07-24,Auto - Au tiers,En ligne,4,4,4,4,5,3,Conseiller patient et pédagogue,Oui
SOUSCR-00143,CLI-88397,2025-08-30,Auto - Au tiers,Agence,5,5,5,5,5,4,Simplicité du parcours digital,Oui
SOUSCR-00144,CLI-17283,2025-06-24,Auto - Au tiers,Téléphone,3,2,2,4,4,3,Prix plus élevé que la concurrence,Peut-être
SOUSCR-00145,CLI-55271,2025-09-11,Habitation - Résidence secondaire,En ligne,4,3,4,3,5,5,Souscription en ligne très intuitive,Oui
SOUSCR-00146,CLI-85975,2025-07-30,Vie - Épargne,Courtier,4,5,3,4,5,5,Processus très fluide et rapide,Oui
SOUSCR-00147,CLI-32169,2025-08-03,Habitation - Résidence secondaire,Agence,3,2,2,3,2,2,Formulaire en ligne compliqué,Peut-être
SOUSCR-00148,CLI-40599,2025-09-28,Vie - Décès,Agence,5,5,4,5,5,5,Je recommande vivement,Oui
SOUSCR-00149,CLI-66872,2025-09-07,Vie - Épargne,En ligne,5,5,5,4,5,5,Conseiller patient et pédagogue,Oui
SOUSCR-00150,CLI-76238,2025-06-14,Habitation - Propriétaire,Application mobile,4,3,5,5,5,3,Prix compétitif,Oui
SOUSCR-00151,CLI-22159,2025-06-10,Habitation - Propriétaire,Téléphone,3,3,4,4,4,4,Prix plus élevé que la concurrence,Peut-être
SOUSCR-00152,CLI-18048,2025-04-28,Vie - Épargne,Application mobile,2,3,3,2,1,3,Difficultés techniques sur le site web,Non
SOUSCR-00153,CLI-57870,2025-05-06,Santé - Famille,Téléphone,4,5,5,4,4,4,Simplicité du parcours digital,Oui
SOUSCR-00154,CLI-25753,2025-05-13,Vie - Épargne,Agence,4,5,3,4,5,3,Excellent accueil en agence,Oui
SOUSCR-00155,CLI-83518,2025-07-28,Auto - Tous risques,Agence,5,4,5,5,5,5,Je recommande vivement,Oui
SOUSCR-00156,CLI-93862,2025-07-12,Santé - Sénior,Application mobile,4,3,5,4,5,5,Excellent accueil en agence,Oui
SOUSCR-00157,CLI-44903,2025-06-13,Auto - Tous risques,En ligne,4,5,5,4,3,5,Prix compétitif,Oui
SOUSCR-00158,CLI-63934,2025-09-07,Auto - Intermédiaire,Courtier,5,5,4,4,4,5,Je recommande vivement,Oui
SOUSCR-00159,CLI-32538,2025-09-22,Auto - Au tiers,En ligne,4,4,3,3,5,3,Souscription en ligne très intuitive,Oui
SOUSCR-00160,CLI-39986,2025-05-23,Santé - Individuelle,En ligne,5,5,5,5,4,4,Je recommande vivement,Oui
SOUSCR-00161,CLI-50708,2025-08-04,Santé - Famille,Courtier,5,5,5,5,5,4,Réponse rapide à mes questions,Oui
SOUSCR-00162,CLI-16807,2025-04-25,Habitation - Propriétaire,En ligne,4,3,4,3,4,5,Je recommande vivement,Oui
SOUSCR-00163,CLI-14043,2025-05-01,Santé - Individuelle,Téléphone,3,2,2,2,4,3,Difficultés techniques sur le site web,Peut-être
SOUSCR-00164,CLI-98849,2025-05-17,Protection juridique,Téléphone,5,5,4,4,5,5,Excellent accueil en agence,Oui
SOUSCR-00165,CLI-35444,2025-04-23,Habitation - Locataire,Agence,3,2,3,4,4,3,Pièces justificatives demandées excessives,Peut-être
SOUSCR-00166,CLI-33099,2025-05-02,Habitation - Résidence secondaire,Courtier,4,4,3,4,5,4,Conseiller très professionnel et à l'écoute,Oui
SOUSCR-00167,CLI-26437,2025-07-03,Habitation - Locataire,Téléphone,4,3,3,5,3,3,Réponse rapide à mes questions,Oui
SOUSCR-00168,CLI-38502,2025-09-21,Habitation - Propriétaire,En ligne,3,3,4,3,2,2,Manque d'informations claires sur les garanties,Peut-être
SOUSCR-00169,CLI-30405,2025-07-31,Vie - Décès,En ligne,4,5,4,5,4,5,Simplicité du parcours digital,Oui
SOUSCR-00170,CLI-88272,2025-10-09,Responsabilité civile,Courtier,5,5,5,4,5,5,Excellent accueil en agence,Oui
SOUSCR-00171,CLI-83733,2025-05-24,Vie - Décès,Téléphone,5,5,5,5,5,5,Prix compétitif,Oui
SOUSCR-00172,CLI-94384,2025-08-25,Vie - Décès,En ligne,4,5,4,5,3,3,Excellent accueil en agence,Oui
SOUSCR-00173,CLI-55529,2025-05-27,Santé - Individuelle,Agence,3,4,3,4,3,2,Formulaire en ligne compliqué,Peut-être
SOUSCR-00174,CLI-15179,2025-09-09,Protection juridique,Téléphone,4,4,3,5,4,3,Documentation claire et complète,Oui
SOUSCR-00175,CLI-41967,2025-06-14,Habitation - Résidence secondaire,Agence,3,2,2,4,4,3,Attente téléphonique trop longue,Peut-être
SOUSCR-00176,CLI-19578,2025-09-21,Auto - Au tiers,Courtier,5,5,4,4,5,5,Je recommande vivement,Oui
SOUSCR-00177,CLI-80846,2025-08-02,Protection juridique,Agence,5,4,4,5,4,5,Documentation claire et complète,Oui
SOUSCR-00178,CLI-23887,2025-06-28,Vie - Épargne,En ligne,4,4,3,3,3,4,Excellent accueil en agence,Oui
SOUSCR-00179,CLI-48635,2025-09-04,Santé - Famille,En ligne,4,4,3,5,3,3,Conseiller très professionnel et à l'écoute,Oui
SOUSCR-00180,CLI-81630,2025-08-05,Santé - Individuelle,Téléphone,3,3,4,4,2,2,Attente téléphonique trop longue,Peut-être
SOUSCR-00181,CLI-92893,2025-05-10,Protection juridique,Courtier,4,3,4,5,3,4,Réponse rapide à mes questions,Oui
SOUSCR-00182,CLI-59746,2025-05-09,Santé - Sénior,En ligne,5,4,5,5,4,5,Conseiller très professionnel et à l'écoute,Oui
SOUSCR-00183,CLI-35794,2025-04-27,Vie - Décès,Courtier,3,2,4,3,3,3,Difficultés techniques sur le site web,Peut-être
SOUSCR-00184,CLI-83895,2025-06-11,Vie - Décès,Agence,5,4,5,5,5,4,Excellent accueil en agence,Oui
SOUSCR-00185,CLI-65274,2025-08-08,Assurance emprunteur,Agence,2,1,2,1,1,2,Pas assez d'explications sur les exclusions,Non
SOUSCR-00186,CLI-93438,2025-05-21,Assurance emprunteur,Courtier,2,2,1,3,1,2,Manque d'informations claires sur les garanties,Non
SOUSCR-00187,CLI-25349,2025-08-14,Auto - Intermédiaire,Courtier,3,4,4,3,2,3,Délai de traitement du dossier trop long,Peut-être
SOUSCR-00188,CLI-45094,2025-10-02,Santé - Sénior,Courtier,3,4,2,3,2,2,Formulaire en ligne compliqué,Peut-être
SOUSCR-00189,CLI-65465,2025-05-24,Santé - Famille,Courtier,4,5,4,3,5,5,Processus très fluide et rapide,Oui
SOUSCR-00190,CLI-99861,2025-09-19,Auto - Au tiers,Application mobile,4,3,4,3,3,5,Simplicité du parcours digital,Oui
SOUSCR-00191,CLI-54170,2025-06-23,Santé - Individuelle,Application mobile,5,4,4,5,5,5,Souscription en ligne très intuitive,Oui
SOUSCR-00192,CLI-59793,2025-10-11,Responsabilité civile,Téléphone,3,2,3,2,3,4,Prix plus élevé que la concurrence,Peut-être
SOUSCR-00193,CLI-60332,2025-06-09,Santé - Sénior,Application mobile,5,5,5,5,5,5,Documentation claire et complète,Oui
SOUSCR-00194,CLI-19188,2025-09-02,Protection juridique,En ligne,5,4,5,5,5,4,Souscription en ligne très intuitive,Oui
SOUSCR-00195,CLI-36058,2025-08-07,Santé - Individuelle,Application mobile,4,4,4,3,5,5,Processus très fluide et rapide,Oui
SOUSCR-00196,CLI-19828,2025-09-24,Auto - Tous risques,Courtier,4,4,4,4,3,4,Prix compétitif,Oui
SOUSCR-00197,CLI-21758,2025-05-10,Protection juridique,Courtier,4,5,3,5,3,5,Conseiller très professionnel et à l'écoute,Oui
SOUSCR-00198,CLI-70929,2025-10-10,Auto - Tous risques,Agence,1,2,1,2,1,1,Conseiller peu disponible,Non
SOUSCR-00199,CLI-14832,2025-09-22,Habitation - Propriétaire,Téléphone,4,5,5,5,4,4,Processus très fluide et rapide,Oui
SOUSCR-00200,CLI-52759,2025-08-10,Assurance emprunteur,Téléphone,4,5,5,5,3,3,Je recommande vivement,Oui
SOUSCR-00201,CLI-73342,2025-10-03,Vie - Décès,Application mobile,4,4,3,3,4,4,Processus très fluide et rapide,Oui
SOUSCR-00202,CLI-42796,2025-07-07,Vie - Décès,Courtier,4,5,5,3,5,4,Excellent accueil en agence,Oui
SOUSCR-00203,CLI-29182,2025-10-01,Habitation - Propriétaire,Courtier,5,5,5,5,5,5,Excellent accueil en agence,Oui
SOUSCR-00204,CLI-70649,2025-09-13,Habitation - Locataire,Application mobile,1,2,1,2,1,1,Pas assez d'explications sur les exclusions,Non
SOUSCR-00205,CLI-87378,2025-08-13,Santé - Famille,Courtier,5,5,4,5,4,5,Simplicité du parcours digital,Oui
SOUSCR-00206,CLI-18898,2025-06-23,Habitation - Locataire,Téléphone,5,5,5,5,5,4,Conseiller très professionnel et à l'écoute,Oui
SOUSCR-00207,CLI-23929,2025-09-25,Auto - Au tiers,Courtier,5,5,4,5,5,5,Je recommande vivement,Oui
SOUSCR-00208,CLI-38688,2025-10-14,Santé - Sénior,En ligne,4,3,3,5,5,5,Documentation claire et complète,Oui
SOUSCR-00209,CLI-60378,2025-05-04,Responsabilité civile,Application mobile,5,5,4,5,5,4,Documentation claire et complète,Oui
SOUSCR-00210,CLI-83411,2025-05-24,Habitation - Locataire,Application mobile,4,5,5,5,3,5,Excellent accueil en agence,Oui
SOUSCR-00211,CLI-75901,2025-05-21,Habitation - Locataire,Agence,2,3,1,3,2,3,Pas assez d'explications sur les exclusions,Non
SOUSCR-00212,CLI-84845,2025-04-22,Habitation - Propriétaire,Agence,5,4,4,5,4,4,Simplicité du parcours digital,Oui
SOUSCR-00213,CLI-18676,2025-09-01,Protection juridique,Téléphone,2,1,1,2,2,3,Délai de traitement du dossier trop long,Non
SOUSCR-00214,CLI-17169,2025-10-13,Responsabilité civile,Application mobile,3,4,4,3,4,2,Difficultés techniques sur le site web,Peut-être
SOUSCR-00215,CLI-97571,2025-07-31,Vie - Décès,En ligne,2,1,1,1,1,2,Formulaire en ligne compliqué,Non
SOUSCR-00216,CLI-16490,2025-08-04,Vie - Épargne,Courtier,4,4,4,4,5,5,Processus très fluide et rapide,Oui
SOUSCR-00217,CLI-66229,2025-08-11,Auto - Au tiers,Téléphone,4,3,5,4,4,5,Processus très fluide et rapide,Oui
SOUSCR-00218,CLI-87047,2025-09-17,Assurance emprunteur,Téléphone,3,2,2,3,4,4,Formulaire en ligne compliqué,Peut-être
SOUSCR-00219,CLI-96872,2025-06-13,Responsabilité civile,Téléphone,4,3,3,4,4,5,Je recommande vivement,Oui
SOUSCR-00220,CLI-74973,2025-07-06,Protection juridique,Application mobile,3,2,3,2,4,2,Attente téléphonique trop longue,Peut-être
SOUSCR-00221,CLI-34251,2025-04-30,Santé - Individuelle,Agence,1,1,2,1,1,1,Attente téléphonique trop longue,Non
SOUSCR-00222,CLI-48259,2025-05-14,Habitation - Propriétaire,Application mobile,4,4,3,5,5,5,Simplicité du parcours digital,Oui
SOUSCR-00223,CLI-78607,2025-07-02,Vie - Épargne,Téléphone,3,2,2,3,3,3,Pièces justificatives demandées excessives,Peut-être
SOUSCR-00224,CLI-29343,2025-07-06,Assurance emprunteur,Application mobile,3,2,3,2,3,3,Formulaire en ligne compliqué,Peut-être
SOUSCR-00225,CLI-96191,2025-07-03,Santé - Individuelle,Application mobile,4,3,3,4,3,3,Prix compétitif,Oui
SOUSCR-00226,CLI-61245,2025-05-18,Santé - Famille,Application mobile,5,5,5,5,5,5,Prix compétitif,Oui
SOUSCR-00227,CLI-94643,2025-07-17,Assurance emprunteur,Application mobile,4,5,4,4,5,5,Documentation claire et complète,Oui
SOUSCR-00228,CLI-10567,2025-05-07,Vie - Décès,En ligne,5,5,5,5,5,4,Conseiller très professionnel et à l'écoute,Oui
SOUSCR-00229,CLI-39264,2025-05-29,Vie - Décès,Courtier,3,2,4,4,4,3,Difficultés techniques sur le site web,Peut-être
SOUSCR-00230,CLI-73667,2025-05-07,Protection juridique,Agence,1,1,1,2,1,2,Formulaire en ligne compliqué,Non
SOUSCR-00231,CLI-30838,2025-05-18,Vie - Décès,Téléphone,5,4,5,4,5,5,Réponse rapide à mes questions,Oui
SOUSCR-00232,CLI-39682,2025-07-29,Responsabilité civile,Agence,5,5,4,4,5,5,Souscription en ligne très intuitive,Oui
SOUSCR-00233,CLI-22793,2025-07-29,Santé - Sénior,Courtier,2,2,2,1,2,1,Processus trop long et complexe,Non
SOUSCR-00234,CLI-10477,2025-04-28,Habitation - Locataire,Application mobile,2,1,1,2,3,2,Processus trop long et complexe,Non
SOUSCR-00235,CLI-80210,2025-05-03,Auto - Tous risques,Téléphone,3,3,3,3,2,2,Pas assez d'explications sur les exclusions,Peut-être
SOUSCR-00236,CLI-69820,2025-08-07,Responsabilité civile,Application mobile,4,5,3,4,3,5,Réponse rapide à mes questions,Oui
SOUSCR-00237,CLI-40248,2025-09-14,Assurance emprunteur,Application mobile,3,4,3,2,3,4,Manque d'informations claires sur les garanties,Peut-être
SOUSCR-00238,CLI-82099,2025-10-01,Habitation - Propriétaire,Application mobile,1,2,2,1,1,1,Délai de traitement du dossier trop long,Non
SOUSCR-00239,CLI-82023,2025-08-02,Habitation - Propriétaire,En ligne,5,5,5,5,4,5,Souscription en ligne très intuitive,Oui
SOUSCR-00240,CLI-61811,2025-05-18,Habitation - Résidence secondaire,Agence,3,3,3,4,2,3,Attente téléphonique trop longue,Peut-être
SOUSCR-00241,CLI-78440,2025-08-21,Responsabilité civile,Courtier,5,5,4,5,5,5,Souscription en ligne très intuitive,Oui
SOUSCR-00242,CLI-91600,2025-09-28,Auto - Au tiers,En ligne,5,4,5,5,5,5,Conseiller très professionnel et à l'écoute,Oui
SOUSCR-00243,CLI-44119,2025-10-07,Santé - Sénior,En ligne,5,5,5,5,5,5,Prix compétitif,Oui
SOUSCR-00244,CLI-11475,2025-08-13,Santé - Individuelle,Application mobile,2,2,1,3,1,2,Processus trop long et complexe,Non
SOUSCR-00245,CLI-44089,2025-07-17,Protection juridique,Courtier,4,5,4,3,3,4,Réponse rapide à mes questions,Oui
SOUSCR-00246,CLI-89895,2025-09-01,Vie - Décès,Courtier,4,5,3,5,4,5,Simplicité du parcours digital,Oui
SOUSCR-00247,CLI-67322,2025-06-25,Santé - Famille,Courtier,5,5,5,5,5,5,Souscription en ligne très intuitive,Oui
SOUSCR-00248,CLI-96707,2025-09-27,Santé - Famille,En ligne,4,3,3,3,4,4,Prix compétitif,Oui
SOUSCR-00249,CLI-16378,2025-06-22,Santé - Famille,Agence,5,4,4,5,4,4,Souscription en ligne très intuitive,Oui
SOUSCR-00250,CLI-64761,2025-09-02,Santé - Individuelle,Application mobile,3,2,3,4,2,4,Processus trop long et complexe,Peut-être
SOUSCR-00251,CLI-79522,2025-08-21,Auto - Au tiers,Agence,5,4,5,5,4,5,Conseiller patient et pédagogue,Oui
SOUSCR-00252,CLI-46437,2025-04-23,Responsabilité civile,Courtier,5,4,5,5,5,5,Conseiller patient et pédagogue,Oui
SOUSCR-00253,CLI-28375,2025-05-18,Habitation - Résidence secondaire,En ligne,1,1,2,2,1,1,Manque d'informations claires sur les garanties,Non
SOUSCR-00254,CLI-34706,2025-09-13,Auto - Au tiers,Application mobile,4,4,3,5,4,4,Souscription en ligne très intuitive,Oui
SOUSCR-00255,CLI-40090,2025-10-03,Habitation - Locataire,Agence,5,5,5,5,5,4,Simplicité du parcours digital,Oui
SOUSCR-00256,CLI-50673,2025-06-11,Vie - Épargne,Application mobile,4,3,4,5,5,3,Documentation claire et complète,Oui
SOUSCR-00257,CLI-63938,2025-09-23,Santé - Famille,Application mobile,5,4,4,5,5,5,Prix compétitif,Oui
SOUSCR-00258,CLI-93177,2025-10-14,Auto - Tous risques,Application mobile,2,1,1,1,1,1,Manque d'informations claires sur les garanties,Non
SOUSCR-00259,CLI-35113,2025-04-29,Habitation - Propriétaire,Agence,4,5,3,5,5,4,Simplicité du parcours digital,Oui
SOUSCR-00260,CLI-89478,2025-08-26,Santé - Famille,En ligne,2,2,1,2,2,3,Pièces justificatives demandées excessives,Non
SOUSCR-00261,CLI-37830,2025-07-06,Assurance emprunteur,En ligne,4,5,5,5,4,5,Réponse rapide à mes questions,Oui
SOUSCR-00262,CLI-50335,2025-07-24,Habitation - Locataire,Agence,4,4,3,3,3,4,Simplicité du parcours digital,Oui
SOUSCR-00263,CLI-23141,2025-06-10,Santé - Sénior,En ligne,5,5,4,5,4,5,Réponse rapide à mes questions,Oui
SOUSCR-00264,CLI-37126,2025-09-29,Protection juridique,Agence,4,3,4,5,4,5,Processus très fluide et rapide,Oui
SOUSCR-00265,CLI-16651,2025-06-14,Auto - Au tiers,Agence,4,5,5,3,4,3,Prix compétitif,Oui
SOUSCR-00266,CLI-59017,2025-04-30,Habitation - Résidence secondaire,Application mobile,5,5,5,5,5,4,Prix compétitif,Oui
SOUSCR-00267,CLI-70570,2025-06-03,Responsabilité civile,En ligne,5,5,5,4,4,5,Processus très fluide et rapide,Oui
SOUSCR-00268,CLI-87731,2025-09-22,Santé - Famille,Agence,4,4,3,3,4,4,Conseiller patient et pédagogue,Oui
SOUSCR-00269,CLI-26798,2025-08-13,Auto - Tous risques,Téléphone,4,5,3,4,3,4,Documentation claire et complète,Oui
SOUSCR-00270,CLI-75108,2025-07-19,Auto - Au tiers,En ligne,5,4,5,5,5,5,Je recommande vivement,Oui
SOUSCR-00271,CLI-48581,2025-06-14,Auto - Intermédiaire,En ligne,1,2,2,1,1,1,Délai de traitement du dossier trop long,Non
SOUSCR-00272,CLI-96628,2025-08-31,Vie - Épargne,Téléphone,4,4,3,3,3,4,Processus très fluide et rapide,Oui
SOUSCR-00273,CLI-11519,2025-07-07,Protection juridique,Téléphone,4,3,4,3,4,5,Prix compétitif,Oui
SOUSCR-00274,CLI-44423,2025-09-19,Assurance emprunteur,Courtier,3,2,4,2,4,4,Pièces justificatives demandées excessives,Peut-être
SOUSCR-00275,CLI-64391,2025-06-03,Santé - Individuelle,Agence,4,4,4,5,5,5,Réponse rapide à mes questions,Oui
SOUSCR-00276,CLI-62049,2025-04-25,Protection juridique,Téléphone,5,5,4,4,4,5,Conseiller très professionnel et à l'écoute,Oui
SOUSCR-00277,CLI-76327,2025-09-15,Auto - Au tiers,Agence,3,4,2,4,3,2,Conseiller peu disponible,Peut-être
SOUSCR-00278,CLI-90427,2025-09-09,Santé - Individuelle,Application mobile,5,5,4,5,4,5,Souscription en ligne très intuitive,Oui
SOUSCR-00279,CLI-63049,2025-07-07,Protection juridique,Application mobile,4,4,5,4,4,5,Conseiller patient et pédagogue,Oui
SOUSCR-00280,CLI-11898,2025-05-15,Auto - Tous risques,Téléphone,5,5,5,5,4,4,Réponse rapide à mes questions,Oui
SOUSCR-00281,CLI-99169,2025-04-27,Protection juridique,En ligne,5,5,5,4,5,5,Excellent accueil en agence,Oui
SOUSCR-00282,CLI-51306,2025-08-12,Auto - Au tiers,En ligne,4,3,5,4,4,4,Excellent accueil en agence,Oui
SOUSCR-00283,CLI-92722,2025-06-25,Santé - Sénior,En ligne,1,2,1,1,2,1,Prix plus élevé que la concurrence,Non
SOUSCR-00284,CLI-34780,2025-05-10,Auto - Tous risques,Agence,5,4,5,5,5,4,Simplicité du parcours digital,Oui
SOUSCR-00285,CLI-98137,2025-04-28,Auto - Tous risques,Courtier,5,5,4,4,5,5,Excellent accueil en agence,Oui
SOUSCR-00286,CLI-99923,2025-10-06,Habitation - Propriétaire,En ligne,1,2,1,1,2,1,Pièces justificatives demandées excessives,Non
SOUSCR-00287,CLI-63625,2025-06-30,Vie - Épargne,Téléphone,2,3,2,2,3,1,Délai de traitement du dossier trop long,Non
SOUSCR-00288,CLI-29253,2025-06-23,Auto - Intermédiaire,Téléphone,2,3,1,3,1,3,Processus trop long et complexe,Non
SOUSCR-00289,CLI-96475,2025-10-04,Santé - Individuelle,Téléphone,4,5,5,3,3,4,Prix compétitif,Oui
SOUSCR-00290,CLI-20121,2025-07-05,Auto - Tous risques,En ligne,3,4,3,2,4,2,Processus trop long et complexe,Peut-être
SOUSCR-00291,CLI-81727,2025-06-11,Santé - Sénior,En ligne,3,2,3,2,4,2,Manque d'informations claires sur les garanties,Peut-être
SOUSCR-00292,CLI-85112,2025-04-29,Auto - Tous risques,Courtier,3,2,2,4,2,4,Conseiller peu disponible,Peut-être
SOUSCR-00293,CLI-64892,2025-06-25,Santé - Sénior,Agence,4,3,3,4,5,5,Je recommande vivement,Oui
SOUSCR-00294,CLI-92171,2025-07-11,Vie - Décès,Courtier,3,3,4,4,3,4,Pièces justificatives demandées excessives,Peut-être
SOUSCR-00295,CLI-60676,2025-08-16,Auto - Intermédiaire,Courtier,1,2,1,1,2,1,Prix plus élevé que la concurrence,Non
SOUSCR-00296,CLI-23519,2025-10-06,Assurance emprunteur,Application mobile,4,4,3,4,3,5,Simplicité du parcours digital,Oui
SOUSCR-00297,CLI-50721,2025-09-20,Protection juridique,Courtier,5,5,4,5,4,4,Conseiller patient et pédagogue,Oui
SOUSCR-00298,CLI-51080,2025-05-07,Protection juridique,Agence,4,4,3,4,4,4,Conseiller patient et pédagogue,Oui
SOUSCR-00299,CLI-29185,2025-09-19,Vie - Décès,En ligne,2,2,2,1,2,1,Pas assez d'explications sur les exclusions,Non
SOUSCR-00300,CLI-46260,2025-05-29,Habitation - Propriétaire,Application mobile,3,4,3,3,2,3,Difficultés techniques sur le site web,Peut-être
SOUSCR-00301,CLI-71101,2025-06-16,Vie - Décès,Application mobile,5,4,4,5,5,5,Processus très fluide et rapide,Oui
SOUSCR-00302,CLI-66817,2025-08-02,Vie - Décès,Agence,4,3,4,5,3,3,Simplicité du parcours digital,Oui
SOUSCR-00303,CLI-58178,2025-08-14,Santé - Individuelle,Application mobile,5,5,5,5,5,5,Excellent accueil en agence,Oui
SOUSCR-00304,CLI-31396,2025-05-10,Responsabilité civile,Téléphone,5,5,5,5,4,5,Conseiller patient et pédagogue,Oui
SOUSCR-00305,CLI-32196,2025-06-30,Santé - Sénior,Application mobile,4,5,3,3,3,5,Conseiller très professionnel et à l'écoute,Oui
SOUSCR-00306,CLI-95219,2025-05-24,Auto - Tous risques,Agence,5,5,4,5,5,5,Simplicité du parcours digital,Oui
SOUSCR-00307,CLI-84529,2025-05-09,Protection juridique,En ligne,5,5,5,5,5,4,Je recommande vivement,Oui
SOUSCR-00308,CLI-11165,2025-07-15,Vie - Épargne,En ligne,2,3,1,2,3,1,Difficultés techniques sur le site web,Non
SOUSCR-00309,CLI-68214,2025-10-07,Habitation - Propriétaire,Courtier,5,5,5,4,4,5,Souscription en ligne très intuitive,Oui
SOUSCR-00310,CLI-56816,2025-06-20,Responsabilité civile,Application mobile,4,4,3,5,3,3,Prix compétitif,Oui
SOUSCR-00311,CLI-48667,2025-05-01,Auto - Intermédiaire,Application mobile,4,5,4,5,3,5,Réponse rapide à mes questions,Oui
SOUSCR-00312,CLI-40759,2025-07-12,Santé - Individuelle,Agence,5,4,5,5,5,5,Souscription en ligne très intuitive,Oui
SOUSCR-00313,CLI-32572,2025-07-02,Vie - Décès,Courtier,5,5,4,4,5,4,Prix compétitif,Oui
SOUSCR-00314,CLI-26288,2025-05-22,Vie - Épargne,Courtier,4,5,5,3,5,4,Conseiller patient et pédagogue,Oui
SOUSCR-00315,CLI-67272,2025-09-24,Habitation - Locataire,Courtier,4,3,5,4,4,3,Souscription en ligne très intuitive,Oui
SOUSCR-00316,CLI-71410,2025-07-31,Santé - Individuelle,Agence,4,4,4,3,3,4,Processus très fluide et rapide,Oui
SOUSCR-00317,CLI-58360,2025-08-04,Responsabilité civile,Courtier,5,5,5,5,5,5,Je recommande vivement,Oui
SOUSCR-00318,CLI-15100,2025-06-15,Assurance emprunteur,Agence,5,4,4,5,4,4,Je recommande vivement,Oui
SOUSCR-00319,CLI-24985,2025-06-16,Habitation - Propriétaire,Application mobile,4,3,3,4,3,5,Excellent accueil en agence,Oui
SOUSCR-00320,CLI-12452,2025-05-25,Vie - Décès,Agence,5,5,4,4,5,4,Souscription en ligne très intuitive,Oui
SOUSCR-00321,CLI-36076,2025-06-09,Santé - Famille,En ligne,4,5,4,5,5,5,Souscription en ligne très intuitive,Oui
SOUSCR-00322,CLI-25914,2025-10-13,Santé - Individuelle,En ligne,4,3,4,3,3,4,Processus très fluide et rapide,Oui
SOUSCR-00323,CLI-51700,2025-09-06,Auto - Intermédiaire,Application mobile,5,5,4,4,5,5,Réponse rapide à mes questions,Oui
SOUSCR-00324,CLI-66236,2025-05-01,Vie - Décès,Agence,1,1,1,1,1,1,Difficultés techniques sur le site web,Non
SOUSCR-00325,CLI-18356,2025-05-11,Santé - Sénior,En ligne,5,5,5,5,5,5,Souscription en ligne très intuitive,Oui
SOUSCR-00326,CLI-33389,2025-05-09,Auto - Intermédiaire,En ligne,5,5,4,5,4,5,Conseiller très professionnel et à l'écoute,Oui
SOUSCR-00327,CLI-47648,2025-10-13,Vie - Décès,Courtier,4,3,3,5,5,3,Je recommande vivement,Oui
SOUSCR-00328,CLI-72851,2025-05-19,Protection juridique,Courtier,1,1,1,1,1,1,Manque d'informations claires sur les garanties,Non
SOUSCR-00329,CLI-91091,2025-06-16,Habitation - Locataire,En ligne,5,5,4,4,5,5,Processus très fluide et rapide,Oui
SOUSCR-00330,CLI-23461,2025-07-28,Auto - Au tiers,Téléphone,5,5,4,5,5,5,Simplicité du parcours digital,Oui
SOUSCR-00331,CLI-34783,2025-09-02,Santé - Famille,Agence,4,5,4,4,4,5,Processus très fluide et rapide,Oui
SOUSCR-00332,CLI-32436,2025-08-06,Habitation - Résidence secondaire,Téléphone,4,3,4,5,3,4,Simplicité du parcours digital,Oui
SOUSCR-00333,CLI-77005,2025-07-30,Habitation - Résidence secondaire,Agence,3,4,4,4,4,4,Conseiller peu disponible,Peut-être
SOUSCR-00334,CLI-30258,2025-06-25,Habitation - Locataire,Application mobile,3,4,2,4,3,4,Difficultés techniques sur le site web,Peut-être
SOUSCR-00335,CLI-16361,2025-09-13,Santé - Sénior,Agence,5,5,4,5,4,5,Réponse rapide à mes questions,Oui
SOUSCR-00336,CLI-15514,2025-06-25,Auto - Intermédiaire,Agence,1,2,2,2,2,1,Formulaire en ligne compliqué,Non
SOUSCR-00337,CLI-86523,2025-06-03,Habitation - Résidence secondaire,En ligne,5,4,4,5,5,4,Conseiller très professionnel et à l'écoute,Oui
SOUSCR-00338,CLI-53946,2025-10-13,Auto - Tous risques,Agence,1,1,1,1,1,1,Formulaire en ligne compliqué,Non
SOUSCR-00339,CLI-48116,2025-09-22,Vie - Décès,Application mobile,4,4,5,4,4,3,Réponse rapide à mes questions,Oui
SOUSCR-00340,CLI-92930,2025-04-27,Santé - Sénior,Courtier,4,3,4,3,5,5,Simplicité du parcours digital,Oui
SOUSCR-00341,CLI-46053,2025-04-23,Habitation - Propriétaire,Courtier,1,1,1,1,1,1,Pièces justificatives demandées excessives,Non
SOUSCR-00342,CLI-82850,2025-08-09,Santé - Sénior,En ligne,3,4,4,4,4,3,Difficultés techniques sur le site web,Peut-être
SOUSCR-00343,CLI-48217,2025-05-14,Auto - Tous risques,Agence,1,2,2,2,2,2,Manque d'informations claires sur les garanties,Non
SOUSCR-00344,CLI-70057,2025-08-22,Auto - Au tiers,Agence,2,1,1,1,1,2,Attente téléphonique trop longue,Non
SOUSCR-00345,CLI-31235,2025-07-22,Santé - Sénior,Téléphone,4,3,5,3,5,5,Souscription en ligne très intuitive,Oui
SOUSCR-00346,CLI-15434,2025-09-29,Auto - Tous risques,Téléphone,1,1,2,1,2,2,Formulaire en ligne compliqué,Non
SOUSCR-00347,CLI-60189,2025-06-09,Auto - Au tiers,Application mobile,3,2,2,2,4,4,Pas assez d'explications sur les exclusions,Peut-être
SOUSCR-00348,CLI-90797,2025-04-27,Santé - Sénior,En ligne,4,3,3,4,3,5,Excellent accueil en agence,Oui
SOUSCR-00349,CLI-10418,2025-05-26,Auto - Intermédiaire,Courtier,4,5,3,4,3,5,Prix compétitif,Oui
SOUSCR-00350,CLI-79580,2025-10-09,Habitation - Propriétaire,Courtier,4,5,3,4,5,5,Conseiller très professionnel et à l'écoute,Oui
SOUSCR-00351,CLI-12726,2025-08-07,Auto - Tous risques,Agence,4,4,5,5,4,5,Documentation claire et complète,Oui
SOUSCR-00352,CLI-42471,2025-09-26,Assurance emprunteur,Téléphone,5,4,5,4,5,5,Documentation claire et complète,Oui
SOUSCR-00353,CLI-26364,2025-10-01,Santé - Individuelle,Agence,4,4,3,3,3,5,Excellent accueil en agence,Oui
SOUSCR-00354,CLI-76568,2025-09-15,Habitation - Résidence secondaire,Agence,2,1,3,3,2,3,Pièces justificatives demandées excessives,Non
SOUSCR-00355,CLI-43336,2025-07-21,Habitation - Résidence secondaire,Téléphone,4,5,3,4,3,5,Je recommande vivement,Oui
SOUSCR-00356,CLI-35619,2025-07-21,Santé - Sénior,Application mobile,5,5,4,4,5,5,Prix compétitif,Oui
SOUSCR-00357,CLI-21304,2025-05-09,Habitation - Résidence secondaire,Téléphone,4,4,5,3,3,3,Prix compétitif,Oui
SOUSCR-00358,CLI-68658,2025-05-22,Auto - Tous risques,Téléphone,5,5,5,5,4,5,Prix compétitif,Oui
SOUSCR-00359,CLI-44005,2025-10-08,Vie - Épargne,Application mobile,5,5,5,5,4,5,Excellent accueil en agence,Oui
SOUSCR-00360,CLI-79381,2025-07-03,Auto - Au tiers,Application mobile,4,4,4,5,4,5,Documentation claire et complète,Oui
SOUSCR-00361,CLI-93908,2025-10-11,Vie - Décès,Agence,5,4,5,5,5,4,Documentation claire et complète,Oui
SOUSCR-00362,CLI-52112,2025-08-17,Santé - Individuelle,Courtier,5,5,5,4,5,5,Je recommande vivement,Oui
SOUSCR-00363,CLI-97881,2025-07-29,Vie - Épargne,En ligne,5,5,5,4,5,4,Conseiller patient et pédagogue,Oui
SOUSCR-00364,CLI-42627,2025-05-31,Vie - Épargne,Téléphone,5,5,5,5,4,5,Simplicité du parcours digital,Oui
SOUSCR-00365,CLI-97906,2025-08-29,Santé - Famille,Courtier,4,5,4,4,4,3,Conseiller très professionnel et à l'écoute,Oui
SOUSCR-00366,CLI-89933,2025-05-04,Assurance emprunteur,Agence,4,5,5,5,3,3,Documentation claire et complète,Oui
SOUSCR-00367,CLI-60589,2025-04-27,Habitation - Propriétaire,Courtier,4,3,5,4,5,3,Prix compétitif,Oui
SOUSCR-00368,CLI-58921,2025-05-08,Habitation - Locataire,En ligne,3,2,2,4,2,4,Processus trop long et complexe,Peut-être
SOUSCR-00369,CLI-70616,2025-07-29,Santé - Famille,Téléphone,4,4,4,5,4,5,Réponse rapide à mes questions,Oui
SOUSCR-00370,CLI-22746,2025-06-23,Santé - Famille,Application mobile,3,4,4,3,2,2,Manque d'informations claires sur les garanties,Peut-être
SOUSCR-00371,CLI-84210,2025-07-03,Santé - Famille,Téléphone,4,4,3,5,4,5,Excellent accueil en agence,Oui
SOUSCR-00372,CLI-65776,2025-10-04,Santé - Famille,Courtier,2,2,3,1,2,1,Prix plus élevé que la concurrence,Non
SOUSCR-00373,CLI-66555,2025-07-26,Santé - Sénior,Application mobile,5,4,4,5,5,5,Excellent accueil en agence,Oui
SOUSCR-00374,CLI-28944,2025-07-10,Vie - Épargne,Courtier,3,2,2,3,3,2,Pas assez d'explications sur les exclusions,Peut-être
SOUSCR-00375,CLI-74585,2025-08-29,Vie - Décès,Agence,4,4,5,3,3,4,Simplicité du parcours digital,Oui
SOUSCR-00376,CLI-28594,2025-06-06,Habitation - Résidence secondaire,Application mobile,4,4,4,3,5,5,Excellent accueil en agence,Oui
SOUSCR-00377,CLI-38879,2025-05-26,Responsabilité civile,Agence,4,5,5,4,5,5,Je recommande vivement,Oui
SOUSCR-00378,CLI-75314,2025-04-21,Habitation - Propriétaire,En ligne,2,2,2,1,2,2,Délai de traitement du dossier trop long,Non
SOUSCR-00379,CLI-85297,2025-04-22,Vie - Décès,Application mobile,4,3,3,4,4,4,Prix compétitif,Oui
SOUSCR-00380,CLI-49593,2025-06-21,Santé - Famille,Agence,3,2,2,3,2,4,Processus trop long et complexe,Peut-être
SOUSCR-00381,CLI-35898,2025-09-10,Responsabilité civile,Agence,4,4,5,5,4,5,Conseiller très professionnel et à l'écoute,Oui
SOUSCR-00382,CLI-62490,2025-07-10,Habitation - Résidence secondaire,Courtier,4,4,4,4,3,4,Souscription en ligne très intuitive,Oui
SOUSCR-00383,CLI-88520,2025-05-06,Auto - Au tiers,Agence,1,2,1,1,1,1,Pas assez d'explications sur les exclusions,Non
SOUSCR-00384,CLI-29494,2025-09-26,Habitation - Propriétaire,Application mobile,5,5,4,4,5,4,Conseiller patient et pédagogue,Oui
SOUSCR-00385,CLI-47885,2025-06-30,Vie - Décès,Application mobile,5,4,5,4,5,5,Je recommande vivement,Oui
SOUSCR-00386,CLI-70913,2025-10-16,Vie - Décès,Téléphone,4,3,5,3,4,4,Conseiller patient et pédagogue,Oui
SOUSCR-00387,CLI-11262,2025-08-30,Santé - Famille,Courtier,3,3,3,4,3,4,Formulaire en ligne compliqué,Peut-être
SOUSCR-00388,CLI-62732,2025-07-10,Vie - Décès,Application mobile,1,1,1,1,1,1,Difficultés techniques sur le site web,Non
SOUSCR-00389,CLI-96441,2025-06-20,Responsabilité civile,Téléphone,5,5,5,5,5,4,Conseiller très professionnel et à l'écoute,Oui
SOUSCR-00390,CLI-85560,2025-07-20,Santé - Individuelle,En ligne,3,2,4,2,3,2,Délai de traitement du dossier trop long,Peut-être
SOUSCR-00391,CLI-50353,2025-04-23,Auto - Intermédiaire,En ligne,5,4,4,5,4,5,Documentation claire et complète,Oui
SOUSCR-00392,CLI-69291,2025-09-05,Santé - Individuelle,Agence,4,5,4,5,5,3,Conseiller patient et pédagogue,Oui
SOUSCR-00393,CLI-46772,2025-07-12,Santé - Individuelle,En ligne,4,4,5,5,5,3,Documentation claire et complète,Oui
SOUSCR-00394,CLI-74493,2025-08-31,Santé - Sénior,Courtier,5,5,4,5,5,4,Souscription en ligne très intuitive,Oui
SOUSCR-00395,CLI-23239,2025-06-12,Assurance emprunteur,Application mobile,3,3,3,2,3,3,Prix plus élevé que la concurrence,Peut-être
SOUSCR-00396,CLI-23265,2025-08-30,Vie - Épargne,En ligne,3,4,2,4,3,2,Conseiller peu disponible,Peut-être
SOUSCR-00397,CLI-81334,2025-07-04,Vie - Épargne,Courtier,3,3,3,2,3,3,Conseiller peu disponible,Peut-être
SOUSCR-00398,CLI-23151,2025-06-25,Santé - Sénior,Application mobile,3,3,3,4,4,3,Pas assez d'explications sur les exclusions,Peut-être
SOUSCR-00399,CLI-67309,2025-06-01,Habitation - Propriétaire,Téléphone,5,5,5,5,5,5,Simplicité du parcours digital,Oui
SOUSCR-00400,CLI-64212,2025-04-25,Santé - Sénior,En ligne,5,5,4,5,4,5,Conseiller très professionnel et à l'écoute,Oui
SOUSCR-00401,CLI-84388,2025-06-27,Auto - Tous risques,Courtier,5,4,5,5,5,5,Prix compétitif,Oui
SOUSCR-00402,CLI-57432,2025-10-03,Vie - Épargne,Application mobile,5,5,5,4,5,4,Prix compétitif,Oui
SOUSCR-00403,CLI-90709,2025-05-10,Santé - Individuelle,Application mobile,4,3,5,4,3,5,Je recommande vivement,Oui
SOUSCR-00404,CLI-51438,2025-07-30,Habitation - Locataire,Téléphone,5,4,5,4,4,4,Souscription en ligne très intuitive,Oui
SOUSCR-00405,CLI-72046,2025-10-04,Habitation - Résidence secondaire,Courtier,3,3,2,3,2,2,Formulaire en ligne compliqué,Peut-être
SOUSCR-00406,CLI-78488,2025-10-13,Vie - Épargne,Application mobile,4,4,3,4,5,5,Processus très fluide et rapide,Oui
SOUSCR-00407,CLI-35912,2025-06-30,Auto - Intermédiaire,Téléphone,4,3,5,3,4,4,Conseiller patient et pédagogue,Oui
SOUSCR-00408,CLI-65364,2025-05-09,Santé - Famille,Agence,2,2,2,3,2,3,Attente téléphonique trop longue,Non
SOUSCR-00409,CLI-93787,2025-09-04,Assurance emprunteur,Application mobile,4,4,3,5,4,4,Processus très fluide et rapide,Oui
SOUSCR-00410,CLI-94531,2025-08-24,Habitation - Propriétaire,Téléphone,3,2,4,2,3,2,Pièces justificatives demandées excessives,Peut-être
SOUSCR-00411,CLI-15340,2025-07-27,Auto - Intermédiaire,Agence,3,2,3,2,4,2,Attente téléphonique trop longue,Peut-être
SOUSCR-00412,CLI-10107,2025-07-11,Responsabilité civile,Agence,4,5,3,3,4,4,Prix compétitif,Oui
SOUSCR-00413,CLI-19047,2025-07-16,Habitation - Propriétaire,Agence,3,3,3,2,3,2,Délai de traitement du dossier trop long,Peut-être
SOUSCR-00414,CLI-42539,2025-08-26,Auto - Au tiers,Courtier,3,4,2,2,3,3,Manque d'informations claires sur les garanties,Peut-être
SOUSCR-00415,CLI-22702,2025-06-04,Vie - Décès,Courtier,4,3,3,3,4,5,Excellent accueil en agence,Oui
SOUSCR-00416,CLI-94289,2025-05-24,Auto - Intermédiaire,Application mobile,2,1,2,2,2,2,Attente téléphonique trop longue,Non
SOUSCR-00417,CLI-40007,2025-06-03,Habitation - Locataire,Agence,4,3,4,3,5,5,Processus très fluide et rapide,Oui
SOUSCR-00418,CLI-57015,2025-05-17,Habitation - Propriétaire,Application mobile,4,3,5,4,3,3,Simplicité du parcours digital,Oui
SOUSCR-00419,CLI-85724,2025-10-10,Vie - Épargne,En ligne,5,4,5,5,5,5,Excellent accueil en agence,Oui
SOUSCR-00420,CLI-12001,2025-06-22,Vie - Décès,Application mobile,4,4,5,3,5,3,Excellent accueil en agence,Oui
SOUSCR-00421,CLI-47739,2025-10-07,Protection juridique,En ligne,2,1,2,1,2,1,Pièces justificatives demandées excessives,Non
SOUSCR-00422,CLI-77768,2025-05-12,Auto - Intermédiaire,Application mobile,4,3,4,4,4,5,Documentation claire et complète,Oui
SOUSCR-00423,CLI-70297,2025-09-11,Santé - Sénior,Agence,5,4,5,5,4,5,Simplicité du parcours digital,Oui
SOUSCR-00424,CLI-44523,2025-10-07,Auto - Intermédiaire,En ligne,2,3,2,1,2,3,Attente téléphonique trop longue,Non
SOUSCR-00425,CLI-59685,2025-06-07,Vie - Épargne,Téléphone,1,1,1,1,1,1,Attente téléphonique trop longue,Non
SOUSCR-00426,CLI-99016,2025-05-24,Habitation - Locataire,Application mobile,5,5,5,4,5,5,Conseiller patient et pédagogue,Oui
SOUSCR-00427,CLI-14658,2025-10-11,Assurance emprunteur,Agence,4,3,5,4,4,4,Souscription en ligne très intuitive,Oui
SOUSCR-00428,CLI-68260,2025-09-25,Auto - Au tiers,En ligne,5,5,5,5,5,5,Réponse rapide à mes questions,Oui
SOUSCR-00429,CLI-19930,2025-07-14,Habitation - Propriétaire,En ligne,4,4,4,3,4,4,Réponse rapide à mes questions,Oui
SOUSCR-00430,CLI-31677,2025-09-14,Vie - Épargne,Agence,5,5,5,4,5,4,Souscription en ligne très intuitive,Oui
SOUSCR-00431,CLI-33091,2025-06-16,Protection juridique,Téléphone,2,2,1,2,1,2,Processus trop long et complexe,Non
SOUSCR-00432,CLI-62119,2025-04-25,Habitation - Locataire,Téléphone,5,4,5,5,5,5,Excellent accueil en agence,Oui
SOUSCR-00433,CLI-88023,2025-09-01,Santé - Famille,Téléphone,4,3,4,4,3,4,Simplicité du parcours digital,Oui
SOUSCR-00434,CLI-59957,2025-08-01,Vie - Décès,Application mobile,3,4,3,4,3,4,Formulaire en ligne compliqué,Peut-être
SOUSCR-00435,CLI-15999,2025-07-02,Responsabilité civile,En ligne,5,5,5,5,4,5,Processus très fluide et rapide,Oui
SOUSCR-00436,CLI-46396,2025-05-28,Auto - Au tiers,Agence,5,4,4,5,5,5,Prix compétitif,Oui
SOUSCR-00437,CLI-84797,2025-08-15,Habitation - Locataire,En ligne,2,1,3,1,1,1,Formulaire en ligne compliqué,Non
SOUSCR-00438,CLI-77121,2025-10-02,Responsabilité civile,Téléphone,3,4,4,4,4,3,Formulaire en ligne compliqué,Peut-être
SOUSCR-00439,CLI-93720,2025-07-29,Responsabilité civile,Téléphone,2,3,1,2,3,3,Délai de traitement du dossier trop long,Non
SOUSCR-00440,CLI-17478,2025-10-13,Santé - Famille,Courtier,2,1,2,2,1,2,Manque d'informations claires sur les garanties,Non
SOUSCR-00441,CLI-47337,2025-10-14,Santé - Sénior,Application mobile,4,3,5,3,4,5,Réponse rapide à mes questions,Oui
SOUSCR-00442,CLI-63081,2025-04-26,Santé - Famille,Application mobile,4,5,3,4,5,5,Prix compétitif,Oui
SOUSCR-00443,CLI-80392,2025-08-09,Assurance emprunteur,En ligne,4,5,3,3,4,4,Processus très fluide et rapide,Oui
SOUSCR-00444,CLI-74088,2025-06-20,Auto - Intermédiaire,Agence,5,5,5,5,5,4,Je recommande vivement,Oui
SOUSCR-00445,CLI-91502,2025-06-29,Responsabilité civile,Application mobile,1,1,1,1,1,1,Manque d'informations claires sur les garanties,Non
SOUSCR-00446,CLI-14474,2025-09-23,Santé - Famille,Téléphone,3,4,4,4,4,4,Attente téléphonique trop longue,Peut-être
SOUSCR-00447,CLI-61568,2025-10-12,Santé - Sénior,Application mobile,3,4,4,3,3,2,Manque d'informations claires sur les garanties,Peut-être
SOUSCR-00448,CLI-34975,2025-09-11,Santé - Sénior,Application mobile,5,4,5,5,5,5,Prix compétitif,Oui
SOUSCR-00449,CLI-52416,2025-09-15,Assurance emprunteur,Agence,4,4,4,4,5,5,Prix compétitif,Oui
SOUSCR-00450,CLI-11343,2025-07-09,Santé - Sénior,En ligne,4,4,4,4,4,4,Simplicité du parcours digital,Oui
SOUSCR-00451,CLI-24511,2025-07-25,Vie - Décès,Application mobile,2,1,3,3,1,2,Conseiller peu disponible,Non
SOUSCR-00452,CLI-33412,2025-04-21,Santé - Famille,Courtier,5,4,5,4,5,5,Souscription en ligne très intuitive,Oui
SOUSCR-00453,CLI-65159,2025-05-03,Santé - Sénior,En ligne,2,1,1,3,2,3,Difficultés techniques sur le site web,Non
SOUSCR-00454,CLI-57567,2025-09-09,Auto - Tous risques,Application mobile,2,1,2,1,1,1,Processus trop long et complexe,Non
SOUSCR-00455,CLI-40995,2025-06-19,Responsabilité civile,Téléphone,4,5,5,5,3,4,Documentation claire et complète,Oui
SOUSCR-00456,CLI-79068,2025-05-01,Habitation - Résidence secondaire,Téléphone,3,3,4,2,4,4,Prix plus élevé que la concurrence,Peut-être
SOUSCR-00457,CLI-24122,2025-08-04,Auto - Au tiers,Agence,5,4,5,5,5,5,Conseiller très professionnel et à l'écoute,Oui
SOUSCR-00458,CLI-47955,2025-08-18,Santé - Famille,Agence,2,3,1,3,1,3,Délai de traitement du dossier trop long,Non
SOUSCR-00459,CLI-56054,2025-10-11,Habitation - Résidence secondaire,Téléphone,3,3,4,4,3,2,Difficultés techniques sur le site web,Peut-être
SOUSCR-00460,CLI-90230,2025-05-10,Santé - Individuelle,Courtier,4,4,3,3,4,4,Conseiller très professionnel et à l'écoute,Oui
SOUSCR-00461,CLI-57928,2025-07-07,Habitation - Propriétaire,En ligne,3,2,2,3,2,4,Prix plus élevé que la concurrence,Peut-être
SOUSCR-00462,CLI-46775,2025-07-27,Auto - Tous risques,Courtier,4,5,4,5,3,3,Conseiller très professionnel et à l'écoute,Oui
SOUSCR-00463,CLI-79095,2025-07-02,Protection juridique,Agence,2,2,3,2,3,1,Difficultés techniques sur le site web,Non
SOUSCR-00464,CLI-93035,2025-07-01,Habitation - Propriétaire,Courtier,4,4,4,4,3,3,Simplicité du parcours digital,Oui
SOUSCR-00465,CLI-75428,2025-10-10,Habitation - Locataire,Agence,2,2,3,3,2,2,Pas assez d'explications sur les exclusions,Non
SOUSCR-00466,CLI-98124,2025-07-05,Assurance emprunteur,Courtier,5,5,5,4,5,4,Souscription en ligne très intuitive,Oui
SOUSCR-00467,CLI-14552,2025-06-26,Assurance emprunteur,Courtier,5,5,4,5,5,5,Prix compétitif,Oui
SOUSCR-00468,CLI-83314,2025-04-29,Assurance emprunteur,En ligne,3,4,3,3,4,3,Prix plus élevé que la concurrence,Peut-être
SOUSCR-00469,CLI-63401,2025-07-08,Habitation - Résidence secondaire,Courtier,4,5,4,4,3,5,Conseiller patient et pédagogue,Oui
SOUSCR-00470,CLI-97385,2025-06-08,Habitation - Résidence secondaire,Courtier,3,4,4,4,3,2,Processus trop long et complexe,Peut-être
SOUSCR-00471,CLI-40372,2025-05-28,Santé - Individuelle,Courtier,5,5,4,5,5,5,Réponse rapide à mes questions,Oui
SOUSCR-00472,CLI-96053,2025-06-16,Habitation - Locataire,Téléphone,2,2,3,2,2,3,Conseiller peu disponible,Non
SOUSCR-00473,CLI-66345,2025-07-02,Auto - Intermédiaire,En ligne,1,1,1,1,2,1,Pièces justificatives demandées excessives,Non
SOUSCR-00474,CLI-82830,2025-06-22,Santé - Famille,Agence,5,5,5,5,5,4,Réponse rapide à mes questions,Oui
SOUSCR-00475,CLI-13133,2025-06-11,Auto - Intermédiaire,Courtier,4,3,3,5,3,3,Conseiller patient et pédagogue,Oui
SOUSCR-00476,CLI-20008,2025-07-09,Assurance emprunteur,Courtier,3,4,3,2,2,2,Difficultés techniques sur le site web,Peut-être
SOUSCR-00477,CLI-67622,2025-04-23,Habitation - Résidence secondaire,Courtier,4,3,3,5,5,3,Documentation claire et complète,Oui
SOUSCR-00478,CLI-39718,2025-09-25,Habitation - Résidence secondaire,Téléphone,4,4,3,5,5,3,Simplicité du parcours digital,Oui
SOUSCR-00479,CLI-41953,2025-06-02,Santé - Famille,Courtier,4,3,4,4,5,5,Excellent accueil en agence,Oui
SOUSCR-00480,CLI-62803,2025-07-18,Assurance emprunteur,Courtier,4,4,5,3,5,3,Simplicité du parcours digital,Oui
SOUSCR-00481,CLI-74949,2025-10-16,Habitation - Résidence secondaire,Courtier,4,3,4,5,5,5,Prix compétitif,Oui
SOUSCR-00482,CLI-31865,2025-09-17,Habitation - Résidence secondaire,Téléphone,5,4,4,5,5,5,Souscription en ligne très intuitive,Oui
SOUSCR-00483,CLI-83344,2025-06-22,Auto - Intermédiaire,Courtier,4,5,4,3,5,4,Prix compétitif,Oui
SOUSCR-00484,CLI-37409,2025-09-18,Auto - Au tiers,Agence,5,5,5,5,5,5,Conseiller patient et pédagogue,Oui
SOUSCR-00485,CLI-82397,2025-08-23,Habitation - Locataire,Application mobile,3,3,2,4,4,2,Difficultés techniques sur le site web,Peut-être
SOUSCR-00486,CLI-53581,2025-07-01,Auto - Tous risques,Application mobile,5,4,4,5,5,5,Conseiller très professionnel et à l'écoute,Oui
SOUSCR-00487,CLI-96376,2025-05-10,Auto - Au tiers,En ligne,4,4,4,4,3,5,Processus très fluide et rapide,Oui
SOUSCR-00488,CLI-16326,2025-05-04,Vie - Décès,En ligne,4,3,3,3,3,5,Excellent accueil en agence,Oui
SOUSCR-00489,CLI-62189,2025-07-21,Habitation - Propriétaire,En ligne,4,4,3,5,3,3,Simplicité du parcours digital,Oui
SOUSCR-00490,CLI-94333,2025-07-16,Vie - Décès,Courtier,3,4,3,3,3,4,Délai de traitement du dossier trop long,Peut-être
SOUSCR-00491,CLI-37423,2025-08-15,Auto - Intermédiaire,Application mobile,5,5,5,5,5,5,Excellent accueil en agence,Oui
SOUSCR-00492,CLI-54166,2025-07-27,Habitation - Propriétaire,Agence,4,4,3,5,5,4,Excellent accueil en agence,Oui
SOUSCR-00493,CLI-18465,2025-10-06,Protection juridique,Application mobile,4,4,5,4,3,4,Documentation claire et complète,Oui
SOUSCR-00494,CLI-16752,2025-10-17,Vie - Décès,Application mobile,3,2,3,3,3,3,Prix plus élevé que la concurrence,Peut-être
SOUSCR-00495,CLI-14635,2025-07-18,Auto - Intermédiaire,Agence,1,2,1,1,1,1,Délai de traitement du dossier trop long,Non
SOUSCR-00496,CLI-88075,2025-08-18,Auto - Intermédiaire,En ligne,3,2,4,3,4,3,Pas assez d'explications sur les exclusions,Peut-être
SOUSCR-00497,CLI-81668,2025-09-24,Responsabilité civile,Courtier,3,3,4,3,4,2,Conseiller peu disponible,Peut-être
SOUSCR-00498,CLI-13668,2025-07-14,Vie - Épargne,Courtier,5,5,5,5,5,5,Prix compétitif,Oui
SOUSCR-00499,CLI-93246,2025-06-16,Vie - Décès,Application mobile,5,5,5,4,5,5,Souscription en ligne très intuitive,Oui
SOUSCR-00500,CLI-94291,2025-04-30,Vie - Décès,Téléphone,2,1,2,2,2,1,Conseiller peu disponible,Non
